Id	Code	XCor	YCor	LocIdt	Looking	Time	Riders	RidersEnergy	Warriors	WarriorsEnergy	Reckless	Energy	Strength	Cowardess	RecruitingKey	RecruitedBy	Race	ObjectCarrying	fullname	shortname	Recruited	Riding	Hidden	Alive	allowedarmy	allowedhide	allowedhorse	allowedmoonring	allowedicecrown	destroyicecrown	Face	Body	Shield	Gender	Loyal	Liege	Foe	allowedWarriors	allowedRiders	orders	despondency	attributes	home_stronghold	desired_object	ai
1	CH_LUXOR	6	92	-	DR_NORTH	31	1000	250		250	200	250	20	127			RA_MOONPRINCE		Luxor the Moonprince	Luxor	TRUE	TRUE	FALSE	TRUE	TRUE	TRUE	TRUE	FALSE	FALSE	FALSE	1	17	0	GD_MALE	RA_MOONPRINCE		CH_SHARETH	FALSE	TRUE	OD_HOME	250	111	SH_FORTRESS_VARENAND	OB_CROWN_VARENAND	FALSE
2	CH_MORKIN	30	2	-	DR_NORTH	31		250		250	200	250	20	127			RA_MORKIN		Morkin the Free	Morkin	FALSE	TRUE	FALSE	TRUE	TRUE	TRUE	TRUE	FALSE	FALSE	FALSE	2	19	0	GD_MALE	RA_HEARTSTEALER	CH_SHARETH		FALSE	TRUE	OD_HOME	250	46402	SH_CITY_CARUDRIUM	OB_CROWN_CARUDRIUM	TRUE
3	CH_TARITHEL	27	78	-	DR_NORTH	31		250		250	220	250	20	127			RA_TARITHEL		Tarithel the Fey	Tarithel	TRUE	TRUE	FALSE	TRUE	TRUE	TRUE	TRUE	FALSE	FALSE	FALSE	0	11	0	GD_FEMALE	RA_MOONPRINCE	CH_LUXOR	CH_SHARETH	FALSE	TRUE	OD_HOME	250	253	SH_FORTRESS_THIGRORN	OB_SPELL_THIGRORN	FALSE
4	CH_RORTHRON	6	92	-	DR_NORTH	31		250		250	210	250	20	127			RA_WISE		Rorthron the Wise	Rorthron	TRUE	TRUE	FALSE	TRUE	TRUE	TRUE	TRUE	FALSE	FALSE	FALSE	4	18	0	GD_MALE	RA_MOONPRINCE	CH_LUXOR	CH_SHARETH	FALSE	TRUE	OD_HOME	250	255	SH_FORTRESS_FINORN	OB_RUNES_FINORN	FALSE
5	CH_SHARETH	57	9	-	DR_NORTH	31	1000	250		250	225	250	20	127			RA_HEARTSTEALER		Shareth the Heartstealer	Shareth	FALSE	TRUE	FALSE	TRUE	TRUE	TRUE	TRUE	FALSE	FALSE	FALSE	0	14	0	GD_FEMALE	RA_HEARTSTEALER		CH_LUXOR	FALSE	TRUE	OD_HOME	250	35190	SH_CITY_IMIRIEL	OB_CROWN_IMIRIEL	TRUE
6	CH_IMGARORN	1	1	-	DR_NORTH	31		250	1000	250	150	250	20	127			RA_GIANT		Imgarorn the Giant	Imgarorn	FALSE	FALSE	FALSE	TRUE	TRUE	TRUE	FALSE	FALSE	FALSE	FALSE	0	15	0	GD_MALE	RA_GIANT	CH_VARANGRIM	CH_THIGRIM	TRUE	FALSE	OD_HOME	250	3251	SH_CITY_IMGARORN	OB_HAMMER_IMGARORN	TRUE
7	CH_IMGORMAD	12	3	-	DR_NORTH	31		250	1000	250	120	250	20	127			RA_GIANT		Imgormad the Giant	Imgormad	FALSE	FALSE	FALSE	TRUE	TRUE	TRUE	FALSE	FALSE	FALSE	FALSE	0	15	0	GD_MALE	RA_GIANT	CH_THORMUK	CH_IMILDRORN	TRUE	FALSE	OD_HOME	250	49174	SH_FORTRESS_IMGORMAD	OB_HAMMER_IMGORMAD	TRUE
8	CH_MALISANE	49	3	-	DR_NORTH	31	1000	250		250	180	250	20	127			RA_ICELORD		Malisane the Icelord	Malisane	FALSE	TRUE	FALSE	TRUE	TRUE	TRUE	TRUE	FALSE	FALSE	FALSE	0	10	0	GD_MALE	RA_HEARTSTEALER	CH_IMGARIL	CH_CARORMAND	FALSE	TRUE	OD_HOME	250	6470	SH_CITY_MALISANE	OB_SWORD_MALISANE	TRUE
9	CH_ANVIREON	29	4	-	DR_NORTH	31		250	1000	250	160	250	20	127			RA_ICELORD		Anvireon the Icelord	Anvireon	FALSE	FALSE	FALSE	TRUE	TRUE	TRUE	TRUE	FALSE	FALSE	FALSE	0	10	0	GD_MALE	RA_HEARTSTEALER	CH_SHARETH	CH_LORANGRORN	TRUE	FALSE	OD_HOME	250	65280	SH_FORTRESS_ANVIREON	OB_SWORD_ANVIREON	TRUE
10	CH_TALORMANE	34	4	-	DR_NORTH	31	1000	250		250	170	250	20	127			RA_ICELORD		Talormane the Icelord	Talormane	FALSE	TRUE	FALSE	TRUE	TRUE	TRUE	TRUE	FALSE	FALSE	FALSE	0	10	0	GD_MALE	RA_HEARTSTEALER	CH_LORELORN	CH_ASORTHANE	FALSE	TRUE	OD_HOME	250	482	SH_FORTRESS_TALORMANE	OB_SWORD_TALORMANE	TRUE
11	CH_IMILDRORN	41	4	-	DR_NORTH	31	1000	250		250	180	250	20	127			RA_ICELORD		Imildrorn the Icelord	Imildrorn	FALSE	TRUE	FALSE	TRUE	TRUE	TRUE	TRUE	FALSE	FALSE	FALSE	0	10	0	GD_MALE	RA_HEARTSTEALER	CH_LORELORN	CH_GLORMEON	FALSE	TRUE	OD_HOME	250	38918	SH_FORTRESS_IMILDRORN	OB_SWORD_IMILDRORN	TRUE
12	CH_CARORTHAD	62	4	-	DR_NORTH	31	1000	250		250	120	250	20	127			RA_ICELORD		Carorthad the Icelord	Carorthad	FALSE	TRUE	FALSE	TRUE	TRUE	TRUE	TRUE	FALSE	FALSE	FALSE	0	10	0	GD_MALE	RA_HEARTSTEALER	CH_MALIRARG	CH_THATRUK	FALSE	TRUE	OD_HOME	250	8984	SH_FORTRESS_CARORTHAD	OB_SWORD_CARORTHAD	TRUE
13	CH_USHUDRARG	52	5	-	DR_NORTH	31	1000	250		250	150	250	20	127			RA_ICELORD		Ushudrarg the Icelord	Ushudrarg	FALSE	TRUE	FALSE	TRUE	TRUE	TRUE	TRUE	FALSE	FALSE	FALSE	0	10	0	GD_MALE	RA_HEARTSTEALER	CH_IMGARIL	CH_OBIGRORN	FALSE	TRUE	OD_HOME	250	35190	SH_FORTRESS_USHUDRARG	OB_SWORD_USHUDRARG	TRUE
14	CH_GLORMEON	7	6	-	DR_NORTH	31		250	1000	250	170	250	20	127			RA_GIANT		Glormeon the Giant	Glormeon	FALSE	FALSE	FALSE	TRUE	TRUE	TRUE	FALSE	FALSE	FALSE	FALSE	0	15	0	GD_MALE	RA_GIANT	CH_IMGARORN	CH_SORTHARG	TRUE	FALSE	OD_HOME	250	179	SH_FORTRESS_GLORMEON	OB_HAMMER_GLORMEON	TRUE
15	CH_THORMUK	22	6	-	DR_NORTH	31		250	1000	250	140	250	20	127			RA_GIANT		Thormuk the Giant	Thormuk	FALSE	FALSE	FALSE	TRUE	TRUE	TRUE	FALSE	FALSE	FALSE	FALSE	0	15	0	GD_MALE	RA_GIANT	CH_VARANGRIM	CH_IMASHARG	TRUE	FALSE	OD_HOME	250	13833	SH_FORTRESS_THORMUK	OB_HAMMER_THORMUK	TRUE
16	CH_IMGARIL	57	9	-	DR_NORTH	31	1000	250		250	200	250	20	127			RA_ICELORD		Imgaril the Icelord	Imgaril	FALSE	TRUE	FALSE	TRUE	TRUE	TRUE	TRUE	FALSE	FALSE	FALSE	0	10	0	GD_MALE	RA_HEARTSTEALER	CH_SHARETH	CH_IMGORTHAND	FALSE	TRUE	OD_HOME	250	454	SH_CITY_IMGARIL	OB_SWORD_IMGARIL	TRUE
17	CH_OBULARG	13	10	-	DR_NORTH	31		250	1000	250	160	250	20	127			RA_GIANT		Obularg the Giant	Obularg	FALSE	FALSE	FALSE	TRUE	TRUE	TRUE	FALSE	FALSE	FALSE	FALSE	0	15	0	GD_MALE	RA_GIANT	CH_THORMUK	CH_TORELORN	TRUE	FALSE	OD_HOME	250	16425	SH_FORTRESS_OBULARG	OB_HAMMER_OBULARG	TRUE
18	CH_THIGRIM	29	10	-	DR_NORTH	31		250	1000	250	130	250	20	127			RA_ICELORD		Thigrim the Icelord	Thigrim	FALSE	FALSE	FALSE	TRUE	TRUE	TRUE	TRUE	FALSE	FALSE	FALSE	0	10	0	GD_MALE	RA_HEARTSTEALER	CH_LORELORN	CH_BERORTHIM	TRUE	FALSE	OD_HOME	250	176	SH_FORTRESS_THIGRIM	OB_SWORD_THIGRIM	TRUE
19	CH_LORELORN	36	10	-	DR_NORTH	31	1000	250		250	190	250	20	127			RA_ICELORD		Lorelorn the Icelord	Lorelorn	FALSE	TRUE	FALSE	TRUE	TRUE	TRUE	TRUE	FALSE	FALSE	FALSE	0	10	0	GD_MALE	RA_HEARTSTEALER	CH_SHARETH	CH_CARANGRANE	FALSE	TRUE	OD_HOME	250	110	SH_CITY_LORELORN	OB_SWORD_LORELORN	TRUE
20	CH_KAHANGRORN	48	10	-	DR_NORTH	31	1000	250		250	170	250	20	127			RA_ICELORD		Kahangrorn the Icelord	Kahangrorn	FALSE	TRUE	FALSE	TRUE	TRUE	TRUE	TRUE	FALSE	FALSE	FALSE	0	10	0	GD_MALE	RA_HEARTSTEALER	CH_ZARASHAND	CH_TORORMARG	FALSE	TRUE	OD_HOME	250	35138	SH_FORTRESS_KAHANGRORN	OB_SWORD_KAHANGRORN	TRUE
21	CH_MALIRARG	63	11	-	DR_NORTH	31	1000	250		250	100	250	20	127			RA_ICELORD		Malirarg the Icelord	Malirarg	FALSE	TRUE	FALSE	TRUE	TRUE	TRUE	TRUE	FALSE	FALSE	FALSE	0	10	0	GD_MALE	RA_HEARTSTEALER	CH_IMGARIL	CH_IMGORMIEL	FALSE	TRUE	OD_HOME	250	41230	SH_FORTRESS_MALIRARG	OB_SWORD_MALIRARG	TRUE
22	CH_IMATRORN	19	13	-	DR_NORTH	31		250	1000	250	180	250	20	127			RA_GIANT		Imatrorn the Giant	Imatrorn	FALSE	FALSE	FALSE	TRUE	TRUE	TRUE	FALSE	FALSE	FALSE	FALSE	0	15	0	GD_MALE	RA_GIANT	CH_VARANGRIM	CH_SORTHARG	TRUE	FALSE	OD_HOME	250	1211	SH_FORTRESS_IMATRORN	OB_HAMMER_IMATRORN	TRUE
23	CH_ASORTHANE	5	14	-	DR_NORTH	31		250	1000	250	150	250	20	127			RA_GIANT		Asorthane the Giant	Asorthane	FALSE	FALSE	FALSE	TRUE	TRUE	TRUE	FALSE	FALSE	FALSE	FALSE	0	15	0	GD_MALE	RA_GIANT	CH_IMGARORN	CH_KAHUDRUN	TRUE	FALSE	OD_HOME	250	231	SH_FORTRESS_ASORTHANE	OB_HAMMER_ASORTHANE	TRUE
24	CH_IMASHARG	38	14	-	DR_NORTH	31	1000	250		250	180	250	20	127			RA_ICELORD		Imasharg the Icelord	Imasharg	FALSE	TRUE	FALSE	TRUE	TRUE	TRUE	TRUE	FALSE	FALSE	FALSE	0	10	0	GD_MALE	RA_HEARTSTEALER	CH_ZARASHAND	CH_SILDRORN	FALSE	TRUE	OD_HOME	250	16128	SH_FORTRESS_IMASHARG	OB_SWORD_IMASHARG	TRUE
25	CH_TORANGRORN	61	14	-	DR_NORTH	31	1000	250		250	140	250	20	127			RA_ICELORD		Torangrorn the Icelord	Torangrorn	FALSE	TRUE	FALSE	TRUE	TRUE	TRUE	TRUE	FALSE	FALSE	FALSE	0	10	0	GD_MALE	RA_HEARTSTEALER	CH_MALIRARG	CH_HAGILDRORN	FALSE	TRUE	OD_HOME	250	49428	SH_FORTRESS_TORANGRORN	OB_SWORD_TORANGRORN	TRUE
26	CH_SORTHARG	27	15	-	DR_NORTH	31	1000	250		250	120	250	20	127			RA_ICELORD		Sortharg the Icelord	Sortharg	FALSE	TRUE	FALSE	TRUE	TRUE	TRUE	TRUE	FALSE	FALSE	FALSE	0	10	0	GD_MALE	RA_HEARTSTEALER	CH_MALORTHAND	CH_IMGORMAD	FALSE	TRUE	OD_HOME	250	11586	SH_FORTRESS_SORTHARG	OB_SWORD_SORTHARG	TRUE
27	CH_ZARASHAND	45	15	-	DR_NORTH	31	1000	250		250	200	250	20	127			RA_ICELORD		Zarashand the Icelord	Zarashand	FALSE	TRUE	FALSE	TRUE	TRUE	TRUE	TRUE	FALSE	FALSE	FALSE	0	10	0	GD_MALE	RA_HEARTSTEALER	CH_SHARETH	CH_ANVILDRAK	FALSE	TRUE	OD_HOME	250	486	SH_CITY_ZARASHAND	OB_SWORD_ZARASHAND	TRUE
28	CH_GLORORN	54	15	-	DR_NORTH	31	1000	250		250	150	250	20	127			RA_ICELORD		Glororn the Icelord	Glororn	FALSE	TRUE	FALSE	TRUE	TRUE	TRUE	TRUE	FALSE	FALSE	FALSE	0	10	0	GD_MALE	RA_HEARTSTEALER	CH_TALORTHANE	CH_MORILDRANE	FALSE	TRUE	OD_HOME	250	32844	SH_FORTRESS_GLORORN	OB_SWORD_GLORORN	TRUE
29	CH_MALORTHAND	34	16	-	DR_NORTH	31		250	1000	250	110	250	20	127			RA_ICELORD		Malorthand the Icelord	Malorthand	FALSE	FALSE	FALSE	TRUE	TRUE	TRUE	TRUE	FALSE	FALSE	FALSE	0	10	0	GD_MALE	RA_HEARTSTEALER	CH_LORELORN	CH_RORTHRON	TRUE	FALSE	OD_FOLLOW_FOE	250	63744	SH_FORTRESS_MALORTHAND	OB_SWORD_MALORTHAND	TRUE
30	CH_VARANGRIM	18	18	-	DR_NORTH	31		250	1000	250	200	250	20	127			RA_GIANT		Varangrim the Giant	Varangrim	FALSE	FALSE	FALSE	TRUE	TRUE	TRUE	FALSE	FALSE	FALSE	FALSE	0	15	0	GD_MALE	RA_GIANT	CH_CARANGRANE	CH_LORELORN	TRUE	FALSE	OD_HOME	250	167	SH_CITY_VARANGRIM	OB_HAMMER_VARANGRIM	TRUE
31	CH_SIGRORN	29	18	-	DR_NORTH	31	1000	250		250	150	250	20	127			RA_ICELORD		Sigrorn the Icelord	Sigrorn	FALSE	TRUE	FALSE	TRUE	TRUE	TRUE	TRUE	FALSE	FALSE	FALSE	0	10	0	GD_MALE	RA_HEARTSTEALER	CH_MALORTHAND	CH_ULFORMANE	FALSE	TRUE	OD_HOME	250	246	SH_FORTRESS_SIGRORN	OB_SWORD_SIGRORN	TRUE
32	CH_HAGUDRAK	38	19	-	DR_NORTH	31	1000	250		250	170	250	20	127			RA_ICELORD		Hagudrak the Icelord	Hagudrak	FALSE	TRUE	FALSE	TRUE	TRUE	TRUE	TRUE	FALSE	FALSE	FALSE	0	10	0	GD_MALE	RA_HEARTSTEALER	CH_BERUDRARG	CH_THORTHAND	FALSE	TRUE	OD_HOME	250	39270	SH_FORTRESS_HAGUDRAK	OB_SWORD_HAGUDRAK	TRUE
33	CH_BERUDRARG	45	20	-	DR_NORTH	31	1000	250		250	180	250	20	127			RA_ICELORD		Berudrarg the Icelord	Berudrarg	FALSE	TRUE	FALSE	TRUE	TRUE	TRUE	TRUE	FALSE	FALSE	FALSE	0	10	0	GD_MALE	RA_HEARTSTEALER	CH_GLIREON	CH_LUXOR	FALSE	TRUE	OD_FOLLOW_FOE	250	3984	SH_CITY_BERUDRARG	OB_SWORD_BERUDRARG	TRUE
34	CH_IMGUDRORN	60	20	-	DR_NORTH	31	1000	250		250	180	250	20	127			RA_ICELORD		Imgudrorn the Icelord	Imgudrorn	FALSE	TRUE	FALSE	TRUE	TRUE	TRUE	TRUE	FALSE	FALSE	FALSE	0	10	0	GD_MALE	RA_HEARTSTEALER	CH_TALORTHANE	CH_BERORMORN	FALSE	TRUE	OD_HOME	250	33128	SH_FORTRESS_IMGUDRORN	OB_SWORD_IMGUDRORN	TRUE
35	CH_TALORTHANE	54	21	-	DR_NORTH	31	1000	250		250	200	250	20	127			RA_ICELORD		Talorthane the Icelord	Talorthane	FALSE	TRUE	FALSE	TRUE	TRUE	TRUE	TRUE	FALSE	FALSE	FALSE	0	10	0	GD_MALE	RA_HEARTSTEALER	CH_FANGRORN	CH_IMGORMAND	FALSE	TRUE	OD_HOME	250	5323	SH_CITY_TALORTHANE	OB_SWORD_TALORTHANE	TRUE
36	CH_MORANGRIM	31	22	-	DR_NORTH	31	1000	250		250	160	250	20	127			RA_ICELORD		Morangrim the Icelord	Morangrim	FALSE	TRUE	FALSE	TRUE	TRUE	TRUE	TRUE	FALSE	FALSE	FALSE	0	10	0	GD_MALE	RA_HEARTSTEALER	CH_MALORTHAND	CH_GANIGRORN	FALSE	TRUE	OD_HOME	250	47424	SH_FORTRESS_MORANGRIM	OB_SWORD_MORANGRIM	TRUE
37	CH_OBORTHARG	12	23	-	DR_NORTH	31		250	1000	250	180	250	20	127			RA_GIANT		Obortharg the Giant	Obortharg	FALSE	FALSE	FALSE	TRUE	TRUE	TRUE	FALSE	FALSE	FALSE	FALSE	0	15	0	GD_MALE	RA_GIANT	CH_OBIGRORN	CH_SIGRORN	TRUE	FALSE	OD_HOME	250	19507	SH_FORTRESS_OBORTHARG	OB_HAMMER_OBORTHARG	TRUE
38	CH_GLORTHEON	27	23	-	DR_NORTH	31		250	1000	250	200	250	20	127			RA_GIANT		Glortheon the Giant	Glortheon	FALSE	FALSE	FALSE	TRUE	TRUE	TRUE	FALSE	FALSE	FALSE	FALSE	0	15	0	GD_MALE	RA_GIANT	CH_VARANGRIM	CH_MALORTHAND	TRUE	FALSE	OD_HOME	250	16575	SH_FORTRESS_GLORTHEON	OB_HAMMER_GLORTHEON	TRUE
39	CH_ULFANGRUK	38	23	-	DR_NORTH	31		250	1000	250	190	250	20	127			RA_ICELORD		Ulfangruk the Icelord	Ulfangruk	FALSE	FALSE	FALSE	TRUE	TRUE	TRUE	TRUE	FALSE	FALSE	FALSE	0	10	0	GD_MALE	RA_HEARTSTEALER	CH_BERUDRARG	CH_CARORTHORN	TRUE	FALSE	OD_HOME	250	35190	SH_FORTRESS_ULFANGRUK	OB_SWORD_ULFANGRUK	TRUE
40	CH_MALARORN	43	23	-	DR_NORTH	31	1000	250		250	170	250	20	127			RA_ICELORD		Malarorn the Icelord	Malarorn	FALSE	TRUE	FALSE	TRUE	TRUE	TRUE	TRUE	FALSE	FALSE	FALSE	0	10	0	GD_MALE	RA_HEARTSTEALER	CH_BERUDRARG	CH_BERORMANE	FALSE	TRUE	OD_HOME	250	466	SH_FORTRESS_MALARORN	OB_SWORD_MALARORN	TRUE
41	CH_GANORMARG	62	24	-	DR_NORTH	31	1000	250		250	180	250	20	127			RA_ICELORD		Ganormarg the Icelord	Ganormarg	FALSE	TRUE	FALSE	TRUE	TRUE	TRUE	TRUE	FALSE	FALSE	FALSE	0	10	0	GD_MALE	RA_HEARTSTEALER	CH_TALORTHANE	CH_CARORTHAND	FALSE	TRUE	OD_HOME	250	352	SH_FORTRESS_GANORMARG	OB_SWORD_GANORMARG	TRUE
42	CH_BERORTHIM	7	26	-	DR_NORTH	31		250	1000	250	150	250	20	127			RA_GIANT		Berorthim the Giant	Berorthim	FALSE	FALSE	FALSE	TRUE	TRUE	TRUE	FALSE	FALSE	FALSE	FALSE	0	15	0	GD_MALE	RA_GIANT	CH_OBIGRORN	CH_THANGRARG	TRUE	FALSE	OD_HOME	250	178	SH_FORTRESS_BERORTHIM	OB_HAMMER_BERORTHIM	TRUE
43	CH_FIRIM	56	26	-	DR_NORTH	31	1000	250		250	160	250	20	127			RA_ICELORD		Firim the Icelord	Firim	FALSE	TRUE	FALSE	TRUE	TRUE	TRUE	TRUE	FALSE	FALSE	FALSE	0	10	0	GD_MALE	RA_HEARTSTEALER	CH_GANORMARG	CH_TORORTHANE	FALSE	TRUE	OD_HOME	250	32884	SH_FORTRESS_FIRIM	OB_SWORD_FIRIM	TRUE
44	CH_GLIREON	48	27	-	DR_NORTH	31	1000	250		250	190	250	20	127			RA_ICELORD		Glireon the Icelord	Glireon	FALSE	TRUE	FALSE	TRUE	TRUE	TRUE	TRUE	FALSE	FALSE	FALSE	0	10	0	GD_MALE	RA_HEARTSTEALER	CH_FANGRORN	CH_LORANGRIM	FALSE	TRUE	OD_HOME	250	40002	SH_CITY_GLIREON	OB_SWORD_GLIREON	TRUE
45	CH_KAHANGRIEL	32	28	-	DR_NORTH	31	1000	250		250	170	250	20	127			RA_ICELORD		Kahangriel the Icelord	Kahangriel	FALSE	TRUE	FALSE	TRUE	TRUE	TRUE	TRUE	FALSE	FALSE	FALSE	0	10	0	GD_MALE	RA_HEARTSTEALER	CH_IMGASHARG	CH_THIGRAND	FALSE	TRUE	OD_HOME	250	2512	SH_FORTRESS_KAHANGRIEL	OB_SWORD_KAHANGRIEL	TRUE
46	CH_KAHUDRUK	60	28	-	DR_NORTH	31	1000	250		250	150	250	20	127			RA_ICELORD		Kahudruk the Icelord	Kahudruk	FALSE	TRUE	FALSE	TRUE	TRUE	TRUE	TRUE	FALSE	FALSE	FALSE	0	10	0	GD_MALE	RA_HEARTSTEALER	CH_GANORMARG	CH_THARAND	FALSE	TRUE	OD_HOME	250	48896	SH_FORTRESS_KAHUDRUK	OB_SWORD_KAHUDRUK	TRUE
47	CH_LORORTHANE	39	29	-	DR_NORTH	31	1000	250		250	180	250	20	127			RA_ICELORD		Lororthane the Icelord	Lororthane	FALSE	TRUE	FALSE	TRUE	TRUE	TRUE	TRUE	FALSE	FALSE	FALSE	0	10	0	GD_MALE	RA_HEARTSTEALER	CH_THANGRARG	CH_OBIREON	FALSE	TRUE	OD_HOME	250	230	SH_FORTRESS_LORORTHANE	OB_SWORD_LORORTHANE	TRUE
48	CH_MALIRANE	47	29	-	DR_NORTH	31	1000	250		250	190	250	20	127			RA_ICELORD		Malirane the Icelord	Malirane	FALSE	TRUE	FALSE	TRUE	TRUE	TRUE	TRUE	FALSE	FALSE	FALSE	0	10	0	GD_MALE	RA_HEARTSTEALER	CH_GLORMARG	CH_LORANGRARG	FALSE	TRUE	OD_HOME	250	326	SH_FORTRESS_MALIRANE	OB_SWORD_MALIRANE	TRUE
49	CH_KAHUDRUN	29	30	-	DR_NORTH	31	1000	250		250	200	250	20	127			RA_ICELORD		Kahudrun the Icelord	Kahudrun	FALSE	TRUE	FALSE	TRUE	TRUE	TRUE	TRUE	FALSE	FALSE	FALSE	0	10	0	GD_MALE	RA_HEARTSTEALER	CH_IMGASHARG	CH_CARORTHANE	FALSE	TRUE	OD_HOME	250	35108	SH_FORTRESS_KAHUDRUN	OB_SWORD_KAHUDRUN	TRUE
50	CH_ULFORMANE	25	31	-	DR_NORTH	31		250	1000	250	190	250	20	127			RA_GIANT		Ulformane the Giant	Ulformane	FALSE	FALSE	FALSE	TRUE	TRUE	TRUE	FALSE	FALSE	FALSE	FALSE	0	15	0	GD_MALE	RA_GIANT	CH_IMGENARG	CH_THORTHEON	TRUE	FALSE	OD_HOME	250	135	SH_FORTRESS_ULFORMANE	OB_HAMMER_ULFORMANE	TRUE
51	CH_HAGILDRORN	32	31	-	DR_NORTH	31		250	1000	250	180	250	20	127			RA_DWARF		Hagildrorn the Dwarf	Hagildrorn	FALSE	FALSE	FALSE	TRUE	TRUE	TRUE	FALSE	FALSE	FALSE	FALSE	0	12	0	GD_MALE	RA_DWARF	CH_IMGORARG	CH_BERORTHIM	TRUE	FALSE	OD_HOME	250	2166	SH_FORTRESS_HAGILDRORN	OB_AXE_HAGILDRORN	TRUE
52	CH_THILDRESH	43	31	-	DR_NORTH	31	1000	250		250	150	250	20	127			RA_ICELORD		Thildresh the Icelord	Thildresh	FALSE	TRUE	FALSE	TRUE	TRUE	TRUE	TRUE	FALSE	FALSE	FALSE	0	10	0	GD_MALE	RA_HEARTSTEALER	CH_GLORMARG	CH_ULFANGRAK	FALSE	TRUE	OD_HOME	250	6560	SH_FORTRESS_THILDRESH	OB_SWORD_THILDRESH	TRUE
53	CH_GLORMARG	47	32	-	DR_NORTH	31	1000	250		250	200	250	20	127			RA_ICELORD		Glormarg the Icelord	Glormarg	FALSE	TRUE	FALSE	TRUE	TRUE	TRUE	TRUE	FALSE	FALSE	FALSE	0	10	0	GD_MALE	RA_HEARTSTEALER	CH_SHARETH	CH_GLORMANE	FALSE	TRUE	OD_HOME	250	35126	SH_CITY_GLORMARG	OB_SWORD_GLORMARG	TRUE
54	CH_CARORAND	57	32	-	DR_NORTH	31	1000	250		250	140	250	20	127			RA_ICELORD		Carorand the Icelord	Carorand	FALSE	TRUE	FALSE	TRUE	TRUE	TRUE	TRUE	FALSE	FALSE	FALSE	0	10	0	GD_MALE	RA_HEARTSTEALER	CH_CARANGRESH	CH_GLORTHARG	FALSE	TRUE	OD_HOME	250	33108	SH_FORTRESS_CARORAND	OB_SWORD_CARORAND	TRUE
55	CH_CARANGRANE	7	33	-	DR_NORTH	31		250	1000	250	200	250	20	127			RA_GIANT		Carangrane the Giant	Carangrane	FALSE	FALSE	FALSE	TRUE	TRUE	TRUE	FALSE	FALSE	FALSE	FALSE	0	15	0	GD_MALE	RA_GIANT		CH_GLIREON	TRUE	FALSE	OD_HOME	250	247	SH_CITY_CARANGRANE	OB_HAMMER_CARANGRANE	TRUE
56	CH_THANGRORN	3	34	-	DR_NORTH	31		250	1000	250	160	250	20	127			RA_GIANT		Thangrorn the Giant	Thangrorn	FALSE	FALSE	FALSE	TRUE	TRUE	TRUE	FALSE	FALSE	FALSE	FALSE	0	15	0	GD_MALE	RA_GIANT	CH_CARANGRANE	CH_HAGUDRIL	TRUE	FALSE	OD_HOME	250	2194	SH_FORTRESS_THANGRORN	OB_HAMMER_THANGRORN	TRUE
57	CH_MALORMUN	46	34	-	DR_NORTH	31	1000	250		250	170	250	20	127			RA_ICELORD		Malormun the Icelord	Malormun	FALSE	TRUE	FALSE	TRUE	TRUE	TRUE	TRUE	FALSE	FALSE	FALSE	0	10	0	GD_MALE	RA_HEARTSTEALER	CH_GLORMARG	CH_IMELORN	FALSE	TRUE	OD_HOME	250	47364	SH_FORTRESS_MALORMUN	OB_SWORD_MALORMUN	TRUE
58	CH_VARORMANE	61	34	-	DR_NORTH	31	1000	250		250	180	250	20	127			RA_ICELORD		Varormane the Icelord	Varormane	FALSE	TRUE	FALSE	TRUE	TRUE	TRUE	TRUE	FALSE	FALSE	FALSE	0	10	0	GD_MALE	RA_HEARTSTEALER	CH_CARANGRESH	CH_KAHUDRARG	FALSE	TRUE	OD_HOME	250	18454	SH_FORTRESS_VARORMANE	OB_SWORD_VARORMANE	TRUE
59	CH_IMGENARG	14	35	-	DR_NORTH	31		250	1000	250	180	250	20	127			RA_GIANT		Imgenarg the Giant	Imgenarg	FALSE	FALSE	FALSE	TRUE	TRUE	TRUE	FALSE	FALSE	FALSE	FALSE	0	15	0	GD_MALE	RA_GIANT	CH_CARANGRANE	CH_GLORMANE	TRUE	FALSE	OD_HOME	250	16547	SH_CITY_IMGENARG	OB_HAMMER_IMGENARG	TRUE
60	CH_THORARG	22	35	-	DR_NORTH	31		250	1000	250	150	250	20	127			RA_GIANT		Thorarg the Giant	Thorarg	FALSE	FALSE	FALSE	TRUE	TRUE	TRUE	FALSE	FALSE	FALSE	FALSE	0	15	0	GD_MALE	RA_GIANT	CH_ULFORMANE	CH_IMGORARG	TRUE	FALSE	OD_HOME	250	25609	SH_FORTRESS_THORARG	OB_HAMMER_THORARG	TRUE
61	CH_THIRIUM	55	36	-	DR_NORTH	31	1000	250		250	180	250	20	127			RA_ICELORD		Thirium the Icelord	Thirium	FALSE	TRUE	FALSE	TRUE	TRUE	TRUE	TRUE	FALSE	FALSE	FALSE	0	10	0	GD_MALE	RA_HEARTSTEALER	CH_GLORMARG	CH_CARORTHAY	FALSE	TRUE	OD_HOME	250	51238	SH_CITY_THIRIUM	OB_SWORD_THIRIUM	TRUE
62	CH_FENARG	50	38	-	DR_NORTH	31		250	1000	250	130	250	20	127			RA_ICELORD		Fenarg the Icelord	Fenarg	FALSE	FALSE	FALSE	TRUE	TRUE	TRUE	TRUE	FALSE	FALSE	FALSE	0	10	0	GD_MALE	RA_HEARTSTEALER	CH_THIRIUM	CH_GLUDREON	TRUE	FALSE	OD_HOME	250	47360	SH_FORTRESS_FENARG	OB_SWORD_FENARG	TRUE
63	CH_IMGORARG	35	39	-	DR_NORTH	31		250	1000	250	200	250	20	127			RA_DWARF		Imgorarg the Dwarf	Imgorarg	FALSE	FALSE	FALSE	TRUE	TRUE	TRUE	FALSE	FALSE	FALSE	FALSE	0	12	0	GD_MALE	RA_DEFAULT		CH_LUXOR	TRUE	FALSE	OD_FOLLOW_FOE	250	35174	SH_CITY_IMGORARG	OB_AXE_IMGORARG	TRUE
64	CH_TORELAK	18	40	-	DR_NORTH	31		250	1000	250	180	250	20	127			RA_GIANT		Torelak the Giant	Torelak	FALSE	FALSE	FALSE	TRUE	TRUE	TRUE	FALSE	FALSE	FALSE	FALSE	0	15	0	GD_MALE	RA_GIANT	CH_IMGENARG	CH_THELAK	TRUE	FALSE	OD_HOME	250	16531	SH_FORTRESS_TORELAK	OB_HAMMER_TORELAK	TRUE
65	CH_TORORMARG	32	40	-	DR_NORTH	31		250	1000	250	150	250	20	127			RA_DWARF		Torormarg the Dwarf	Torormarg	FALSE	FALSE	FALSE	TRUE	TRUE	TRUE	FALSE	FALSE	FALSE	FALSE	0	12	0	GD_MALE	RA_DWARF	CH_IMGORARG	CH_OBORTHARG	TRUE	FALSE	OD_HOME	250	47426	SH_FORTRESS_TORORMARG	OB_AXE_TORORMARG	TRUE
66	CH_USHANGRANE	56	40	-	DR_NORTH	31	1000	250		250	170	250	20	127			RA_ICELORD		Ushangrane the Icelord	Ushangrane	FALSE	TRUE	FALSE	TRUE	TRUE	TRUE	TRUE	FALSE	FALSE	FALSE	0	10	0	GD_MALE	RA_HEARTSTEALER	CH_THIRIUM	CH_IMGORARG	FALSE	TRUE	OD_HOME	250	38918	SH_FORTRESS_USHANGRANE	OB_SWORD_USHANGRANE	TRUE
67	CH_FANGRORN	52	41	-	DR_NORTH	31	1000	250		250	200	250	20	127			RA_ICELORD		Fangrorn the Icelord	Fangrorn	FALSE	TRUE	FALSE	TRUE	TRUE	TRUE	TRUE	FALSE	FALSE	FALSE	0	10	0	GD_MALE	RA_HEARTSTEALER	CH_SHARETH	CH_IMORTHORN	FALSE	TRUE	OD_HOME	250	33142	SH_CITY_FANGRORN	OB_SWORD_FANGRORN	TRUE
68	CH_CARANGRESH	63	41	-	DR_NORTH	31	1000	250		250	180	250	20	127			RA_ICELORD		Carangresh the Icelord	Carangresh	FALSE	TRUE	FALSE	TRUE	TRUE	TRUE	TRUE	FALSE	FALSE	FALSE	0	10	0	GD_MALE	RA_HEARTSTEALER	CH_THIRIUM	CH_IMGORAD	FALSE	TRUE	OD_HOME	250	420	SH_CITY_CARANGRESH	OB_SWORD_CARANGRESH	TRUE
69	CH_ANVILDRAK	8	42	-	DR_NORTH	31		250	1000	250	190	250	20	127			RA_GIANT		Anvildrak the Giant	Anvildrak	FALSE	FALSE	FALSE	TRUE	TRUE	TRUE	FALSE	FALSE	FALSE	FALSE	0	15	0	GD_MALE	RA_GIANT	CH_CARANGRANE	CH_LUXOR	TRUE	FALSE	OD_FOLLOW_FOE	250	18450	SH_CITY_ANVILDRAK	OB_HAMMER_ANVILDRAK	TRUE
70	CH_ANVARORN	49	42	-	DR_NORTH	31	1000	250		250	170	250	20	127			RA_ICELORD		Anvarorn the Icelord	Anvarorn	FALSE	TRUE	FALSE	TRUE	TRUE	TRUE	TRUE	FALSE	FALSE	FALSE	0	10	0	GD_MALE	RA_HEARTSTEALER	CH_FANGRORN	CH_THELAK	FALSE	TRUE	OD_HOME	250	2544	SH_FORTRESS_ANVARORN	OB_SWORD_ANVARORN	TRUE
71	CH_HAGUDRIL	45	44	-	DR_NORTH	31		250	1000	250	160	250	20	127			RA_DWARF		Hagudril the Dwarf	Hagudril	FALSE	FALSE	FALSE	TRUE	TRUE	TRUE	FALSE	FALSE	FALSE	FALSE	0	12	0	GD_MALE	RA_DWARF	CH_CARORTHAY	CH_GANORMARG	TRUE	FALSE	OD_HOME	250	17595	SH_FORTRESS_HAGUDRIL	OB_AXE_HAGUDRIL	TRUE
72	CH_GANIGRORN	20	45	-	DR_NORTH	31		250	1000	250	160	250	20	127			RA_GIANT		Ganigrorn the Giant	Ganigrorn	FALSE	FALSE	FALSE	TRUE	TRUE	TRUE	FALSE	FALSE	FALSE	FALSE	0	15	0	GD_MALE	RA_GIANT	CH_IMGENARG	CH_ANVORTHUN	TRUE	FALSE	OD_HOME	250	213	SH_FORTRESS_GANIGRORN	OB_HAMMER_GANIGRORN	TRUE
73	CH_BERANGRORN	24	45	-	DR_NORTH	31		250	1000	250	180	250	20	127			RA_DWARF		Berangrorn the Dwarf	Berangrorn	FALSE	FALSE	FALSE	TRUE	TRUE	TRUE	FALSE	FALSE	FALSE	FALSE	0	12	0	GD_MALE	RA_DWARF	CH_GLORMANE	CH_CARANGRESH	TRUE	FALSE	OD_HOME	250	2279	SH_FORTRESS_BERANGRORN	OB_AXE_BERANGRORN	TRUE
74	CH_FENORN	9	46	-	DR_NORTH	31		250	1000	250	190	250	20	127			RA_GIANT		Fenorn the Giant	Fenorn	FALSE	FALSE	FALSE	TRUE	TRUE	TRUE	FALSE	FALSE	FALSE	FALSE	0	15	0	GD_MALE	RA_GIANT	CH_ANVILDRAK	CH_CARORTHAND	TRUE	FALSE	OD_HOME	250	51216	SH_FORTRESS_FENORN	OB_HAMMER_FENORN	TRUE
75	CH_SILDRORN	2	47	-	DR_NORTH	31		250	1000	250	180	250	20	127			RA_GIANT		Sildrorn the Giant	Sildrorn	FALSE	FALSE	FALSE	TRUE	TRUE	TRUE	FALSE	FALSE	FALSE	FALSE	0	15	0	GD_MALE	RA_GIANT	CH_ANVILDRAK	CH_IMGORAD	TRUE	FALSE	OD_HOME	250	139	SH_FORTRESS_SILDRORN	OB_HAMMER_SILDRORN	TRUE
76	CH_CARORTHAY	53	47	-	DR_NORTH	31		250	1000	250	180	250	20	127			RA_DWARF		Carorthay the Dwarf	Carorthay	FALSE	FALSE	FALSE	TRUE	TRUE	TRUE	FALSE	FALSE	FALSE	FALSE	0	12	0	GD_MALE	RA_DWARF	CH_LORANGRARG	CH_GLORMARG	TRUE	FALSE	OD_HOME	250	109	SH_CITY_CARORTHAY	OB_AXE_CARORTHAY	TRUE
77	CH_GLORTHARG	3	50	-	DR_NORTH	31	1000	250		250	150	250	20	127			RA_BARBARIAN		Glortharg the Barbarian	Glortharg	FALSE	TRUE	FALSE	TRUE	TRUE	TRUE	TRUE	FALSE	FALSE	FALSE	0	13	0	GD_MALE	RA_BARBARIAN	CH_CARORMAND	CH_TORORMARG	FALSE	TRUE	OD_HOME	250	247	SH_FORTRESS_GLORTHARG	OB_SPEAR_GLORTHARG	TRUE
78	CH_THORTHEON	18	50	-	DR_NORTH	31	1000	250		250	160	250	20	127			RA_BARBARIAN		Thortheon the Barbarian	Thortheon	FALSE	TRUE	FALSE	TRUE	TRUE	TRUE	TRUE	FALSE	FALSE	FALSE	0	13	0	GD_MALE	RA_BARBARIAN	CH_CARORMAND	CH_THORMUK	FALSE	TRUE	OD_HOME	250	185	SH_FORTRESS_THORTHEON	OB_SPEAR_THORTHEON	TRUE
79	CH_GLORMANE	31	50	-	DR_NORTH	31		250	1000	250	200	250	20	127			RA_DWARF		Glormane the Dwarf	Glormane	FALSE	FALSE	FALSE	TRUE	TRUE	TRUE	FALSE	FALSE	FALSE	FALSE	0	12	0	GD_MALE	RA_DWARF		CH_TALORTHANE	TRUE	FALSE	OD_HOME	250	18583	SH_CITY_GLORMANE	OB_AXE_GLORMANE	TRUE
80	CH_GLORUK	22	51	-	DR_NORTH	31		250	1000	250	150	250	20	127			RA_DWARF		Gloruk the Dwarf	Gloruk	FALSE	FALSE	FALSE	TRUE	TRUE	TRUE	FALSE	FALSE	FALSE	FALSE	0	12	0	GD_MALE	RA_DWARF	CH_GLORMANE	CH_THORTHAK	TRUE	FALSE	OD_HOME	250	150	SH_FORTRESS_GLORUK	OB_AXE_GLORUK	TRUE
81	CH_GLUDREON	64	51	-	DR_NORTH	31		250	1000	250	140	250	20	127			RA_DWARF		Gludreon the Dwarf	Gludreon	FALSE	FALSE	FALSE	TRUE	TRUE	TRUE	FALSE	FALSE	FALSE	FALSE	0	12	0	GD_MALE	RA_DWARF	CH_CARORTHAY	CH_CARORTHORN	TRUE	FALSE	OD_HOME	250	40002	SH_FORTRESS_GLUDREON	OB_AXE_GLUDREON	TRUE
82	CH_THUDRUN	48	53	-	DR_NORTH	31		250	1000	250	180	250	20	127			RA_DWARF		Thudrun the Dwarf	Thudrun	FALSE	FALSE	FALSE	TRUE	TRUE	TRUE	FALSE	FALSE	FALSE	FALSE	0	12	0	GD_MALE	RA_DWARF	CH_LORANGRARG	CH_IMGARORN	TRUE	FALSE	OD_HOME	250	233	SH_FORTRESS_THUDRUN	OB_AXE_THUDRUN	TRUE
83	CH_TORELORN	33	56	-	DR_NORTH	31		250	1000	250	140	250	20	127			RA_DWARF		Torelorn the Dwarf	Torelorn	FALSE	FALSE	FALSE	TRUE	TRUE	TRUE	FALSE	FALSE	FALSE	FALSE	0	12	0	GD_MALE	RA_DWARF	CH_GLORMANE	CH_THANGRORN	TRUE	FALSE	OD_HOME	250	36432	SH_FORTRESS_TORELORN	OB_AXE_TORELORN	TRUE
84	CH_THATRUK	36	56	-	DR_NORTH	31		250	1000	250	160	250	20	127			RA_DWARF		Thatruk the Dwarf	Thatruk	FALSE	FALSE	FALSE	TRUE	TRUE	TRUE	FALSE	FALSE	FALSE	FALSE	0	12	0	GD_MALE	RA_DWARF	CH_TORELORN	CH_TORINARG	TRUE	FALSE	OD_HOME	250	43026	SH_FORTRESS_THATRUK	OB_AXE_THATRUK	TRUE
85	CH_CARORMAND	9	57	-	DR_NORTH	31	1000	250		250	200	250	20	127			RA_BARBARIAN		Carormand the Barbarian	Carormand	FALSE	TRUE	FALSE	TRUE	TRUE	TRUE	TRUE	FALSE	FALSE	FALSE	0	13	0	GD_MALE	RA_BARBARIAN		CH_LORANGRARG	FALSE	TRUE	OD_HOME	250	2163	SH_CITY_CARORMAND	OB_SPEAR_CARORMAND	TRUE
86	CH_LORANGRARG	48	57	-	DR_NORTH	31		250	1000	250	170	250	20	127			RA_DWARF		Lorangrarg the Dwarf	Lorangrarg	FALSE	FALSE	FALSE	TRUE	TRUE	TRUE	FALSE	FALSE	FALSE	FALSE	0	12	0	GD_MALE	RA_DWARF	CH_GLORMANE	CH_CARORTHANE	TRUE	FALSE	OD_HOME	250	13315	SH_CITY_LORANGRARG	OB_AXE_LORANGRARG	TRUE
87	CH_THELAK	24	59	-	DR_NORTH	31		250	1000	250	150	250	20	127			RA_DWARF		Thelak the Dwarf	Thelak	FALSE	FALSE	FALSE	TRUE	TRUE	TRUE	FALSE	FALSE	FALSE	FALSE	0	12	0	GD_MALE	RA_DWARF	CH_TORELORN	CH_GLORMEON	TRUE	FALSE	OD_HOME	250	71	SH_FORTRESS_THELAK	OB_AXE_THELAK	TRUE
88	CH_IMANGRUK	50	61	-	DR_NORTH	31		250	1000	250	150	250	20	127			RA_DWARF		Imangruk the Dwarf	Imangruk	FALSE	FALSE	FALSE	TRUE	TRUE	TRUE	FALSE	FALSE	FALSE	FALSE	0	12	0	GD_MALE	RA_DWARF	CH_LORANGRARG	CH_MORILDRANE	TRUE	FALSE	OD_HOME	250	34896	SH_FORTRESS_IMANGRUK	OB_AXE_IMANGRUK	TRUE
89	CH_GLIGRIL	61	61	-	DR_NORTH	31		250	1000	250	130	250	20	127			RA_DWARF		Gligril the Dwarf	Gligril	FALSE	FALSE	FALSE	TRUE	TRUE	TRUE	FALSE	FALSE	FALSE	FALSE	0	12	0	GD_MALE	RA_DWARF	CH_ULFANGRAK	CH_KAHUDRARG	TRUE	FALSE	OD_HOME	250	8223	SH_FORTRESS_GLIGRIL	OB_AXE_GLIGRIL	TRUE
90	CH_THANGRAD	12	62	-	DR_NORTH	31	1000	250		250	170	250	20	127			RA_BARBARIAN		Thangrad the Barbarian	Thangrad	FALSE	TRUE	FALSE	TRUE	TRUE	TRUE	TRUE	FALSE	FALSE	FALSE	0	13	0	GD_MALE	RA_BARBARIAN	CH_LORANGRORN	CH_THUDRUN	FALSE	TRUE	OD_HOME	250	32886	SH_FORTRESS_THANGRAD	OB_SPEAR_THANGRAD	TRUE
91	CH_IMULORN	33	63	-	DR_NORTH	31		250	1000	250	180	250	20	127			RA_DWARF		Imulorn the Dwarf	Imulorn	FALSE	FALSE	FALSE	TRUE	TRUE	TRUE	FALSE	FALSE	FALSE	FALSE	0	12	0	GD_MALE	RA_DWARF	CH_THIGRAK	CH_VARANGRAND	TRUE	FALSE	OD_HOME	250	243	SH_FORTRESS_IMULORN	OB_AXE_IMULORN	TRUE
92	CH_THIGRAK	45	63	-	DR_NORTH	31		250	1000	250	190	250	20	127			RA_DWARF		Thigrak the Dwarf	Thigrak	FALSE	FALSE	FALSE	TRUE	TRUE	TRUE	FALSE	FALSE	FALSE	FALSE	0	12	0	GD_MALE	RA_DWARF	CH_GLORMANE	CH_ANVILDRAK	TRUE	FALSE	OD_HOME	250	6151	SH_CITY_THIGRAK	OB_AXE_THIGRAK	TRUE
93	CH_LORANGRORN	7	65	-	DR_NORTH	31	1000	250		250	180	250	20	127			RA_BARBARIAN		Lorangrorn the Barbarian	Lorangrorn	FALSE	TRUE	FALSE	TRUE	TRUE	TRUE	TRUE	FALSE	FALSE	FALSE	0	13	0	GD_MALE	RA_BARBARIAN	CH_CARORMAND	CH_IMGORTHAND	FALSE	TRUE	OD_HOME	250	53	SH_CITY_LORANGRORN	OB_SPEAR_LORANGRORN	TRUE
94	CH_VARATRARG	27	67	-	DR_NORTH	31	1000	250		250	150	250	20	127			RA_BARBARIAN		Varatrarg the Barbarian	Varatrarg	FALSE	TRUE	FALSE	TRUE	TRUE	TRUE	TRUE	FALSE	FALSE	FALSE	0	13	0	GD_MALE	RA_BARBARIAN	CH_LORANGRORN	CH_USHANGRANE	FALSE	TRUE	OD_HOME	250	1744	SH_FORTRESS_VARATRARG	OB_SPEAR_VARATRARG	TRUE
95	CH_IMELORN	54	67	-	DR_NORTH	31		250	1000	250	140	250	20	127			RA_DWARF		Imelorn the Dwarf	Imelorn	FALSE	FALSE	FALSE	TRUE	TRUE	TRUE	FALSE	FALSE	FALSE	FALSE	0	12	0	GD_MALE	RA_DWARF	CH_THIGRAK	CH_ANVORTHEON	TRUE	FALSE	OD_HOME	250	43026	SH_FORTRESS_IMELORN	OB_AXE_IMELORN	TRUE
96	CH_ULFANGRAK	62	67	-	DR_NORTH	31		250	1000	250	130	250	20	127			RA_DWARF		Ulfangrak the Dwarf	Ulfangrak	FALSE	FALSE	FALSE	TRUE	TRUE	TRUE	FALSE	FALSE	FALSE	FALSE	0	12	0	GD_MALE	RA_DWARF	CH_THIGRAK	CH_OBIGRORN	TRUE	FALSE	OD_HOME	250	2150	SH_FORTRESS_ULFANGRAK	OB_AXE_ULFANGRAK	TRUE
97	CH_THORTHAK	2	68	-	DR_NORTH	31		250	1000	250	170	250	20	127			RA_BARBARIAN		Thorthak the Barbarian	Thorthak	FALSE	FALSE	FALSE	TRUE	TRUE	TRUE	TRUE	FALSE	FALSE	FALSE	0	13	0	GD_MALE	RA_BARBARIAN	CH_IMGORAD	CH_GLORTHEON	TRUE	FALSE	OD_HOME	250	32839	SH_FORTRESS_THORTHAK	OB_SWORD_THORTHAK	TRUE
98	CH_THORMAND	30	68	-	DR_NORTH	31	1000	250		250	180	250	20	127			RA_FEY		Thormand the Fey	Thormand	FALSE	TRUE	FALSE	TRUE	TRUE	TRUE	TRUE	FALSE	FALSE	FALSE	0	16	0	GD_MALE	RA_FEY	CH_IMORTHORN	CH_KAHANGRORN	FALSE	TRUE	OD_HOME	250	233	SH_FORTRESS_THORMAND	OB_BOW_THORMAND	TRUE
99	CH_ANVORTHUN	8	71	-	DR_NORTH	31	1000	250		250	140	250	20	127			RA_BARBARIAN		Anvorthun the Barbarian	Anvorthun	FALSE	TRUE	FALSE	TRUE	TRUE	TRUE	TRUE	FALSE	FALSE	FALSE	0	13	0	GD_MALE	RA_BARBARIAN	CH_IMGORAD	CH_BERANGRORN	FALSE	TRUE	OD_HOME	250	2294	SH_FORTRESS_ANVORTHUN	OB_SPEAR_ANVORTHUN	TRUE
100	CH_IMGORMAND	43	72	-	DR_NORTH	31	1000	250		250	150	250	20	127			RA_FEY		Imgormand the Fey	Imgormand	FALSE	TRUE	FALSE	TRUE	TRUE	TRUE	TRUE	FALSE	FALSE	FALSE	0	16	0	GD_MALE	RA_FEY	CH_MORILDRANE	CH_IMGORARG	FALSE	TRUE	OD_HOME	250	2070	SH_FORTRESS_IMGORMAND	OB_BOW_IMGORMAND	TRUE
101	CH_CARORTHORN	60	72	-	DR_NORTH	31	1000	250		250	180	250	20	127			RA_FEY		Carorthorn the Fey	Carorthorn	FALSE	TRUE	FALSE	TRUE	TRUE	TRUE	TRUE	FALSE	FALSE	FALSE	0	16	0	GD_MALE	RA_FEY	CH_LORANGRIEL	CH_VARORMANE	FALSE	TRUE	OD_HOME	250	207	SH_FORTRESS_CARORTHORN	OB_BOW_CARORTHORN	TRUE
102	CH_IMGORAD	3	75	-	DR_NORTH	31	1000	250		250	200	250	20	127			RA_BARBARIAN		Imgorad the Barbarian	Imgorad	FALSE	TRUE	FALSE	TRUE	TRUE	TRUE	TRUE	FALSE	FALSE	FALSE	0	13	0	GD_MALE	RA_BARBARIAN		CH_CARANGRANE	FALSE	TRUE	OD_HOME	250	183	SH_CITY_IMGORAD	OB_SPEAR_IMGORAD	TRUE
103	CH_TORORTHANE	36	75	-	DR_NORTH	31		250	1000	250	150	250	20	127			RA_FEY		Tororthane the Fey	Tororthane	FALSE	FALSE	FALSE	TRUE	TRUE	TRUE	TRUE	FALSE	FALSE	FALSE	0	16	0	GD_MALE	RA_FEY	CH_IMORTHORN	CH_MALORMUN	TRUE	FALSE	OD_HOME	250	18049	SH_FORTRESS_TORORTHANE	OB_HAMMER_TORORTHANE	TRUE
104	CH_IMORTHORN	32	76	-	DR_NORTH	31	1000	250		250	200	250	20	127			RA_FEY		Imorthorn the Fey	Imorthorn	FALSE	TRUE	FALSE	TRUE	TRUE	TRUE	TRUE	FALSE	FALSE	FALSE	0	16	0	GD_MALE	RA_FEY		CH_SHARETH	FALSE	TRUE	OD_HOME	250	255	SH_CITY_IMORTHORN	OB_BOW_IMORTHORN	TRUE
105	CH_BERORMORN	18	78	-	DR_NORTH	31	1000	250		250	160	250	20	127			RA_FEY		Berormorn the Fey	Berormorn	FALSE	TRUE	FALSE	TRUE	TRUE	TRUE	TRUE	FALSE	FALSE	FALSE	0	16	0	GD_MALE	RA_FEY	CH_CARORTHANE	CH_KAHANGRIEL	FALSE	TRUE	OD_HOME	250	237	SH_FORTRESS_BERORMORN	OB_BOW_BERORMORN	TRUE
106	CH_FIRAK	8	80	-	DR_NORTH	31	1000	250		250	140	250	20	127			RA_BARBARIAN		Firak the Barbarian	Firak	FALSE	TRUE	FALSE	TRUE	TRUE	TRUE	TRUE	FALSE	FALSE	FALSE	0	13	0	GD_MALE	RA_BARBARIAN	CH_IMGORAD	CH_THIGRAK	FALSE	TRUE	OD_HOME	250	67	SH_FORTRESS_FIRAK	OB_SPEAR_FIRAK	TRUE
107	CH_MORILDRANE	46	80	-	DR_NORTH	31	1000	250		250	200	250	20	127			RA_FEY		Morildrane the Fey	Morildrane	FALSE	TRUE	FALSE	TRUE	TRUE	TRUE	TRUE	FALSE	FALSE	FALSE	0	16	0	GD_MALE	RA_FEY	CH_LORANGRIEL	CH_TARITHEL	FALSE	TRUE	OD_FOLLOW_FOE	250	47430	SH_FORTRESS_MORILDRANE	OB_BOW_MORILDRANE	TRUE
108	CH_THIGRAND	29	81	-	DR_NORTH	31		250	1000	250	150	250	20	127			RA_FEY		Thigrand the Fey	Thigrand	FALSE	FALSE	FALSE	TRUE	TRUE	TRUE	TRUE	FALSE	FALSE	FALSE	0	16	0	GD_MALE	RA_FEY	CH_CARORTHANE	CH_MALIRANE	TRUE	FALSE	OD_HOME	250	249	SH_FORTRESS_THIGRAND	OB_BOW_THIGRAND	TRUE
109	CH_KAHUDRARG	12	82	-	DR_NORTH	31	1000	250		250	180	250	20	127			RA_BARBARIAN		Kahudrarg the Barbarian	Kahudrarg	FALSE	TRUE	FALSE	TRUE	TRUE	TRUE	TRUE	FALSE	FALSE	FALSE	0	13	0	GD_MALE	RA_BARBARIAN	CH_IMGORAD	CH_LUXOR	FALSE	TRUE	OD_FOLLOW_FOE	250	35142	SH_FORTRESS_KAHUDRARG	OB_SPEAR_KAHUDRARG	TRUE
110	CH_LORANGRIEL	55	82	-	DR_NORTH	31	1000	250		250	190	250	20	127			RA_FEY		Lorangriel the Fey	Lorangriel	FALSE	TRUE	FALSE	TRUE	TRUE	TRUE	TRUE	FALSE	FALSE	FALSE	0	16	0	GD_MALE	RA_FEY	CH_IMGORTHAND	CH_MALISANE	FALSE	TRUE	OD_HOME	250	217	SH_CITY_LORANGRIEL	OB_BOW_LORANGRIEL	TRUE
111	CH_CARORTHANE	21	83	-	DR_NORTH	31	1000	250		250	170	250	20	127			RA_FEY		Carorthane the Fey	Carorthane	FALSE	TRUE	FALSE	TRUE	TRUE	TRUE	TRUE	FALSE	FALSE	FALSE	0	16	0	GD_MALE	RA_FEY	CH_IMORTHORN	CH_GLORMARG	FALSE	TRUE	OD_HOME	250	227	SH_CITY_CARORTHANE	OB_BOW_CARORTHANE	TRUE
112	CH_THORTHAND	50	85	-	DR_NORTH	31		250	1000	250	130	250	20	127			RA_FEY		Thorthand the Fey	Thorthand	FALSE	FALSE	FALSE	TRUE	TRUE	TRUE	TRUE	FALSE	FALSE	FALSE	0	16	0	GD_MALE	RA_FEY	CH_LORANGRIEL	CH_IMGORARG	TRUE	FALSE	OD_HOME	250	7	SH_FORTRESS_THORTHAND	OB_BOW_THORTHAND	TRUE
113	CH_BERORMANE	43	88	-	DR_NORTH	31	1000	250		250	160	250	20	127			RA_FEY		Berormane the Fey	Berormane	FALSE	TRUE	FALSE	TRUE	TRUE	TRUE	TRUE	FALSE	FALSE	FALSE	0	16	0	GD_MALE	RA_FEY	CH_LORANGRIM	CH_ZARASHAND	FALSE	TRUE	OD_HOME	250	189	SH_FORTRESS_BERORMANE	OB_BOW_BERORMANE	TRUE
114	CH_IMGORMIEL	58	88	-	DR_NORTH	31		250	1000	250	110	250	20	127			RA_FEY		Imgormiel the Fey	Imgormiel	FALSE	FALSE	FALSE	TRUE	TRUE	TRUE	TRUE	FALSE	FALSE	FALSE	0	16	0	GD_MALE	RA_FEY	CH_IMGORTHAND	CH_KAHUDRAK	TRUE	FALSE	OD_HOME	250	26121	SH_FORTRESS_IMGORMIEL	OB_BOW_IMGORMIEL	TRUE
115	CH_CARENEON	11	89	-	DR_NORTH	31		250	1000	250	140	250	20	127			RA_BARBARIAN		Careneon the Barbarian	Careneon	FALSE	FALSE	FALSE	TRUE	TRUE	TRUE	TRUE	FALSE	FALSE	FALSE	0	13	0	GD_MALE	RA_BARBARIAN	CH_KAHUDRARG	CH_THORARG	TRUE	FALSE	OD_HOME	250	169	SH_FORTRESS_CARENEON	OB_SPEAR_CARENEON	TRUE
116	CH_VARANGRAND	18	89	-	DR_NORTH	31	1000	250		250	160	250	20	127			RA_BARBARIAN		Varangrand the Barbarian	Varangrand	FALSE	TRUE	FALSE	TRUE	TRUE	TRUE	TRUE	FALSE	FALSE	FALSE	0	13	0	GD_MALE	RA_BARBARIAN	CH_KAHUDRARG	CH_THIGRAK	FALSE	TRUE	OD_HOME	250	2054	SH_FORTRESS_VARANGRAND	OB_SPEAR_VARANGRAND	TRUE
117	CH_IMGORTHAND	63	89	-	DR_NORTH	31	1000	250		250	190	250	20	127			RA_FEY		Imgorthand the Fey	Imgorthand	FALSE	TRUE	FALSE	TRUE	TRUE	TRUE	TRUE	FALSE	FALSE	FALSE	0	16	0	GD_MALE	RA_FEY	CH_IMORTHORN	CH_GLIREON	FALSE	TRUE	OD_HOME	250	233	SH_CITY_IMGORTHAND	OB_BOW_IMGORTHAND	TRUE
118	CH_LORANGRIM	47	91	-	DR_NORTH	31	1000	250		250	150	250	20	127			RA_FEY		Lorangrim the Fey	Lorangrim	FALSE	TRUE	FALSE	TRUE	TRUE	TRUE	TRUE	FALSE	FALSE	FALSE	0	16	0	GD_MALE	RA_FEY	CH_IMGORTHAND	CH_IMGARIL	FALSE	TRUE	OD_HOME	250	183	SH_CITY_LORANGRIM	OB_BOW_LORANGRIM	TRUE
119	CH_THARAND	28	94	-	DR_NORTH	31		250	1000	250	130	250	20	127			RA_FEY		Tharand the Fey	Tharand	FALSE	FALSE	FALSE	TRUE	TRUE	TRUE	TRUE	FALSE	FALSE	FALSE	0	16	0	GD_MALE	RA_FEY	CH_CARORTHANE	CH_ANVARORN	TRUE	FALSE	OD_HOME	250	7171	SH_FORTRESS_THARAND	OB_BOW_THARAND	TRUE
120	CH_TORINARG	3	95	-	DR_NORTH	31	1000	250		250	180	250	20	127			RA_BARBARIAN		Torinarg the Barbarian	Torinarg	FALSE	TRUE	FALSE	TRUE	TRUE	TRUE	TRUE	FALSE	FALSE	FALSE	0	13	0	GD_MALE	RA_BARBARIAN	CH_CARENEON	CH_ULFORMANE	FALSE	TRUE	OD_HOME	250	18487	SH_FORTRESS_TORINARG	OB_SPEAR_TORINARG	TRUE
121	CH_IMORTHESH	49	95	-	DR_NORTH	31	1000	250		250	150	250	20	127			RA_FEY		Imorthesh the Fey	Imorthesh	FALSE	TRUE	FALSE	TRUE	TRUE	TRUE	TRUE	FALSE	FALSE	FALSE	0	16	0	GD_MALE	RA_FEY	CH_LORANGRIM	CH_LORELORN	FALSE	TRUE	OD_HOME	250	179	SH_FORTRESS_IMORTHESH	OB_BOW_IMORTHESH	TRUE
122	CH_ANVORTHEON	15	96	-	DR_NORTH	31	1000	250		250	160	250	20	127			RA_BARBARIAN		Anvortheon the Barbarian	Anvortheon	FALSE	TRUE	FALSE	TRUE	TRUE	TRUE	TRUE	FALSE	FALSE	FALSE	0	13	0	GD_MALE	RA_BARBARIAN	CH_CARENEON	CH_HAGUDRIL	FALSE	TRUE	OD_HOME	250	2290	SH_FORTRESS_ANVORTHEON	OB_SPEAR_ANVORTHEON	TRUE
123	CH_OBIREON	64	96	-	DR_NORTH	31	1000	250		250	170	250	20	127			RA_FEY		Obireon the Fey	Obireon	FALSE	TRUE	FALSE	TRUE	TRUE	TRUE	TRUE	FALSE	FALSE	FALSE	0	16	0	GD_MALE	RA_FEY	CH_IMGORTHAND	CH_CARORTHAD	FALSE	TRUE	OD_HOME	250	4103	SH_FORTRESS_OBIREON	OB_BOW_OBIREON	TRUE
124	CH_OBIGRORN	14	26	-	DR_NORTH	31	1000	250		250	190	250	20	127			RA_GIANT		Obigrorn the Giant	Obigrorn	FALSE	FALSE	FALSE	TRUE	TRUE	TRUE	FALSE	FALSE	FALSE	FALSE	0	15	0	GD_MALE	RA_GIANT	CH_VARANGRIM	CH_THATRUK	FALSE	TRUE	OD_HOME	250	47	SH_FORTRESS_OBIGRORN	OB_HAMMER_OBIGRORN	TRUE
125	CH_IMGASHARG	36	26	-	DR_NORTH	31		250	1000	250	170	250	20	127			RA_ICELORD		Imgasharg the Icelord	Imgasharg	FALSE	FALSE	FALSE	TRUE	TRUE	TRUE	TRUE	FALSE	FALSE	FALSE	0	10	0	GD_MALE	RA_HEARTSTEALER	CH_BERUDRARG	CH_THORMAND	TRUE	FALSE	OD_HOME	250	35138	SH_FORTRESS_IMGASHARG	OB_SWORD_IMGASHARG	TRUE
126	CH_THANGRARG	44	26	-	DR_NORTH	31		250	1000	250	180	250	20	127			RA_ICELORD		Thangrarg the Icelord	Thangrarg	FALSE	FALSE	FALSE	TRUE	TRUE	TRUE	TRUE	FALSE	FALSE	FALSE	0	10	0	GD_MALE	RA_HEARTSTEALER	CH_GLIREON	CH_IMORTHESH	TRUE	FALSE	OD_HOME	250	2326	SH_FORTRESS_THANGRARG	OB_SWORD_THANGRARG	TRUE
127	CH_KAHUDRAK	20	73	-	DR_NORTH	31	1000	250		250	180	250	20	127			RA_BARBARIAN		Kahudrak the Barbarian	Kahudrak	FALSE	TRUE	FALSE	TRUE	TRUE	TRUE	TRUE	FALSE	FALSE	FALSE	0	13	0	GD_MALE	RA_BARBARIAN	CH_LORANGRORN	CH_BERORMANE	FALSE	TRUE	OD_HOME	250	35158	SH_FORTRESS_KAHUDRAK	OB_SPEAR_KAHUDRAK	TRUE
128	CH_CARORTHAND	29	74	-	DR_NORTH	31	1000	250		250	190	250	20	127			RA_FEY		Carorthand the Fey	Carorthand	FALSE	TRUE	FALSE	TRUE	TRUE	TRUE	TRUE	FALSE	FALSE	FALSE	0	16	0	GD_MALE	RA_FEY	CH_IMORTHORN	CH_TALORMANE	FALSE	TRUE	OD_HOME	250	247	SH_FORTRESS_CARORTHAND	OB_BOW_CARORTHAND	TRUE